{"initial_reset_timestamp": 1619050583.938027, "timestamps": [1619050584.11643, 1619050584.318433, 1619050584.4389482, 1619050584.5624819, 1619050584.871392, 1619050585.029409, 1619050585.1425421, 1619050585.281335, 1619050585.4491022, 1619050585.976275, 1619050586.502644, 1619050587.2567239, 1619050587.837376], "episode_lengths": [118, 130, 93, 101, 202, 122, 89, 85, 75, 116, 101, 185, 152], "episode_rewards": [-460.03517431589603, -643.5231759651203, -258.60461033554066, -251.70779106739025, -465.0903077130216, -203.82684637809172, -243.76139940823472, -365.1221137022926, -217.71546680604135, -435.2059304919783, -116.19355698274687, -164.8290831780693, -555.3258243858996], "episode_types": ["t", "t", "t", "t", "t", "t", "t", "t", "t", "t", "t", "t", "t", "t"]}