{"initial_reset_timestamp": 1619050486.199327, "timestamps": [1619050486.369656, 1619050486.5043359, 1619050486.616, 1619050486.7228842, 1619050486.859094, 1619050487.0382562, 1619050487.146859, 1619050487.256865, 1619050487.3563561, 1619050487.5061948, 1619050487.717503, 1619050488.0238059, 1619050488.500915, 1619050488.953086, 1619050489.50295, 1619050490.005978, 1619050490.522035, 1619050490.9008892, 1619050491.2449548, 1619050491.741293], "episode_lengths": [100, 73, 101, 94, 118, 132, 71, 85, 75, 108, 82, 70, 121, 111, 140, 106, 111, 102, 85, 124], "episode_rewards": [-505.09679212830144, -274.15675109992395, -291.092760312142, -300.35902378442427, -464.71561066632444, -137.11163839115778, -136.9511741393452, -411.9847849867278, -121.94788186475654, -425.96726006308097, -465.91192362267776, -133.68725930075203, -318.1100706805635, -98.69399929972096, -626.2130372009414, -221.23111052554714, -326.91731265632893, -425.73785230055677, -530.061245421217, -267.3696811911905], "episode_types": ["t", "t", "t", "t", "t", "t", "t", "t", "t", "t", "t", "t", "t", "t", "t", "t", "t", "t", "t", "t", "t"]}